experiment,module,shape,variant,device,dtype,repeat,warmup,num_parameters,estimated_weight_size_MB,fp32_weight_size_MB,fp16_weight_size_MB,int8_weight_size_MB,int4_weight_size_MB,compression_ratio_vs_fp32,mse,mae,max_error,cosine_similarity,relative_l2_error,latency_mean_ms,latency_std_ms
pi0_aligned_random_quant,visual_projector,"[1,768,1152]->[1,768,2048]",fp32,cuda,float32,5,3,2361344,9.0078125,9.0078125,4.50390625,2.251953125,1.1259765625,1.0,0.0,0.0,0.0,1.0000001192092896,0.0,0.3134698000167191,0.002740550112842178
pi0_aligned_random_quant,visual_projector,"[1,768,1152]->[1,768,2048]",fp16,cuda,float32,5,3,2361344,4.50390625,9.0078125,4.50390625,2.251953125,1.1259765625,2.0,1.2919035441427695e-07,0.0002828070428222418,0.0021944046020507812,0.9999999403953552,0.00035979115637019277,0.11513340000419703,0.009059340460653306
pi0_aligned_random_quant,visual_projector,"[1,768,1152]->[1,768,2048]",int8_fake_quant,cuda,float32,5,3,2361344,2.251953125,9.0078125,4.50390625,2.251953125,1.1259765625,4.0,0.0002734712907113135,0.01319316029548645,0.08481192588806152,0.9998630285263062,0.01655355468392372,0.46607280000898754,0.0011401181131524105
pi0_aligned_random_quant,visual_projector,"[1,768,1152]->[1,768,2048]",int4_weight_only_fake_quant,cuda,float32,5,3,2361344,1.1259765625,9.0078125,4.50390625,2.251953125,1.1259765625,8.0,0.020649736747145653,0.1140860915184021,0.7992607355117798,0.9898165464401245,0.14384430646896362,0.38828199999443314,0.0016201628123796484
pi0_aligned_random_quant,visual_projector,"[1,768,1152]->[1,768,2048]",w4a8_fake_quant,cuda,float32,5,3,2361344,1.1259765625,9.0078125,4.50390625,2.251953125,1.1259765625,8.0,0.02077334187924862,0.11442786455154419,0.8066887855529785,0.9897559881210327,0.14427417516708374,0.4751405999968483,0.0026694648527220612
pi0_aligned_random_quant,vlm_attention_q_proj_seq256,"[1,256,2048]->[1,256,2048]",fp32,cuda,float32,10,3,4196352,16.0078125,16.0078125,8.00390625,4.001953125,2.0009765625,1.0,0.0,0.0,0.0,1.0,0.0,0.18937189998950998,0.002669180596624752
pi0_aligned_random_quant,vlm_attention_q_proj_seq256,"[1,256,2048]->[1,256,2048]",fp16,cuda,float32,10,3,4196352,8.00390625,16.0078125,8.00390625,4.001953125,2.0009765625,2.0,1.735175629846708e-07,0.00032328226370736957,0.0030770301818847656,0.9999999403953552,0.0004166019498370588,0.07709559999966586,0.0024264037971296983
pi0_aligned_random_quant,vlm_attention_q_proj_seq256,"[1,256,2048]->[1,256,2048]",int8_fake_quant,cuda,float32,8,3,4196352,4.001953125,16.0078125,8.00390625,4.001953125,2.0009765625,4.0,0.00026299466844648123,0.012930216267704964,0.07724630832672119,0.9998685121536255,0.016218960285186768,0.44673312500265183,0.002399018784511651
pi0_aligned_random_quant,vlm_attention_q_proj_seq256,"[1,256,2048]->[1,256,2048]",int4_weight_only_fake_quant,cuda,float32,8,3,4196352,2.0009765625,16.0078125,8.00390625,4.001953125,2.0009765625,8.0,0.022531114518642426,0.11931584030389786,0.85875403881073,0.9889178276062012,0.150120809674263,0.42457424999753357,0.002427645367564229
pi0_aligned_random_quant,vlm_attention_q_proj_seq256,"[1,256,2048]->[1,256,2048]",w4a8_fake_quant,cuda,float32,8,3,4196352,2.0009765625,16.0078125,8.00390625,4.001953125,2.0009765625,8.0,0.02264023944735527,0.11960534751415253,0.860275387763977,0.9888653755187988,0.1504839062690735,0.46232112499922096,0.004466030696572229
pi0_aligned_random_quant,vlm_attention_k_proj_seq256,"[1,256,2048]->[1,256,256]",fp32,cuda,float32,10,3,524544,2.0009765625,2.0009765625,1.00048828125,0.500244140625,0.2501220703125,1.0,0.0,0.0,0.0,0.9999998807907104,0.0,0.13245260000189774,0.0029693562622197527
pi0_aligned_random_quant,vlm_attention_k_proj_seq256,"[1,256,2048]->[1,256,256]",fp16,cuda,float32,10,3,524544,1.00048828125,2.0009765625,1.00048828125,0.500244140625,0.2501220703125,2.0,2.1628784452332184e-07,0.00035737542202696204,0.00267791748046875,0.9999999403953552,0.00046349898912012577,0.03845370000590265,0.003058052217094532
pi0_aligned_random_quant,vlm_attention_k_proj_seq256,"[1,256,2048]->[1,256,256]",int8_fake_quant,cuda,float32,8,3,524544,0.500244140625,2.0009765625,1.00048828125,0.500244140625,0.2501220703125,4.0,0.00023642297310288996,0.012233676388859749,0.07501962780952454,0.9998826384544373,0.015324191190302372,0.15531687499503732,0.007285482903486994
pi0_aligned_random_quant,vlm_attention_k_proj_seq256,"[1,256,2048]->[1,256,256]",int4_weight_only_fake_quant,cuda,float32,8,3,524544,0.2501220703125,2.0009765625,1.00048828125,0.500244140625,0.2501220703125,8.0,0.0231405608355999,0.12080676853656769,0.6971781849861145,0.9887272715568542,0.15160714089870453,0.11903062500806527,0.003647249913647652
pi0_aligned_random_quant,vlm_attention_k_proj_seq256,"[1,256,2048]->[1,256,256]",w4a8_fake_quant,cuda,float32,8,3,524544,0.2501220703125,2.0009765625,1.00048828125,0.500244140625,0.2501220703125,8.0,0.02324644848704338,0.12110406160354614,0.6829003095626831,0.9886754751205444,0.15195362269878387,0.15413912498729587,0.006579667027161165
pi0_aligned_random_quant,vlm_attention_v_proj_seq256,"[1,256,2048]->[1,256,256]",fp32,cuda,float32,10,3,524544,2.0009765625,2.0009765625,1.00048828125,0.500244140625,0.2501220703125,1.0,0.0,0.0,0.0,1.0000001192092896,0.0,0.0778750999870681,0.0013902959690769029
pi0_aligned_random_quant,vlm_attention_v_proj_seq256,"[1,256,2048]->[1,256,256]",fp16,cuda,float32,10,3,524544,1.00048828125,2.0009765625,1.00048828125,0.500244140625,0.2501220703125,2.0,2.1660855509253452e-07,0.00035753127303905785,0.0027799606323242188,1.0,0.0004636189842130989,0.03713679999464148,0.0023664879134082726
pi0_aligned_random_quant,vlm_attention_v_proj_seq256,"[1,256,2048]->[1,256,256]",int8_fake_quant,cuda,float32,8,3,524544,0.500244140625,2.0009765625,1.00048828125,0.500244140625,0.2501220703125,4.0,0.0002137010160367936,0.011656169779598713,0.06233032047748566,0.9998940825462341,0.01456218957901001,0.15010337500598325,0.002986526160636234
pi0_aligned_random_quant,vlm_attention_v_proj_seq256,"[1,256,2048]->[1,256,256]",int4_weight_only_fake_quant,cuda,float32,8,3,524544,0.2501220703125,2.0009765625,1.00048828125,0.500244140625,0.2501220703125,8.0,0.02243836410343647,0.11911045759916306,0.7387131452560425,0.9890457391738892,0.14921723306179047,0.11943500000199947,0.003111743717088323
pi0_aligned_random_quant,vlm_attention_v_proj_seq256,"[1,256,2048]->[1,256,256]",w4a8_fake_quant,cuda,float32,8,3,524544,0.2501220703125,2.0009765625,1.00048828125,0.500244140625,0.2501220703125,8.0,0.022541385143995285,0.11931946128606796,0.7190101146697998,0.9889954328536987,0.1495593935251236,0.1498246249980184,0.0023469392701793673
pi0_aligned_random_quant,vlm_attention_o_proj_seq256,"[1,256,2048]->[1,256,2048]",fp32,cuda,float32,10,3,4196352,16.0078125,16.0078125,8.00390625,4.001953125,2.0009765625,1.0,0.0,0.0,0.0,0.9999998807907104,0.0,0.1877659999934167,0.0009662818528321372
pi0_aligned_random_quant,vlm_attention_o_proj_seq256,"[1,256,2048]->[1,256,2048]",fp16,cuda,float32,10,3,4196352,8.00390625,16.0078125,8.00390625,4.001953125,2.0009765625,2.0,1.7355493753257178e-07,0.00032322443439625204,0.0029311180114746094,0.9999997615814209,0.0004160357639193535,0.07641739998689445,0.0010998073616054766
pi0_aligned_random_quant,vlm_attention_o_proj_seq256,"[1,256,2048]->[1,256,2048]",int8_fake_quant,cuda,float32,8,3,4196352,4.001953125,16.0078125,8.00390625,4.001953125,2.0009765625,4.0,0.0002664737112354487,0.013024972751736641,0.08063846826553345,0.9998670816421509,0.016301942989230156,0.4507791250105697,0.006236900713002311
pi0_aligned_random_quant,vlm_attention_o_proj_seq256,"[1,256,2048]->[1,256,2048]",int4_weight_only_fake_quant,cuda,float32,8,3,4196352,2.0009765625,16.0078125,8.00390625,4.001953125,2.0009765625,8.0,0.02268000692129135,0.11973841488361359,0.8443121910095215,0.988881528377533,0.15039512515068054,0.4218227500061289,0.0010803277055157347
pi0_aligned_random_quant,vlm_attention_o_proj_seq256,"[1,256,2048]->[1,256,2048]",w4a8_fake_quant,cuda,float32,8,3,4196352,2.0009765625,16.0078125,8.00390625,4.001953125,2.0009765625,8.0,0.022782355546951294,0.12001590430736542,0.8520984053611755,0.9888319969177246,0.1507340967655182,0.46576137498988146,0.016495725118146783
pi0_aligned_random_quant,vlm_attention_q_proj_seq768,"[1,768,2048]->[1,768,2048]",fp32,cuda,float32,5,3,4196352,16.0078125,16.0078125,8.00390625,4.001953125,2.0009765625,1.0,0.0,0.0,0.0,0.9999999403953552,0.0,0.5307776000108788,0.004206255283455797
pi0_aligned_random_quant,vlm_attention_q_proj_seq768,"[1,768,2048]->[1,768,2048]",fp16,cuda,float32,5,3,4196352,8.00390625,16.0078125,8.00390625,4.001953125,2.0009765625,2.0,1.2908697044622386e-07,0.00028254877543076873,0.002529621124267578,1.0,0.0003593646688386798,0.21536740000556165,0.0008434328907874921
pi0_aligned_random_quant,vlm_attention_q_proj_seq768,"[1,768,2048]->[1,768,2048]",int8_fake_quant,cuda,float32,5,3,4196352,4.001953125,16.0078125,8.00390625,4.001953125,2.0009765625,4.0,0.0002688830718398094,0.013082469813525677,0.08153510093688965,0.9998655319213867,0.01640121266245842,0.8194291999984671,0.0015100460214517342
pi0_aligned_random_quant,vlm_attention_q_proj_seq768,"[1,768,2048]->[1,768,2048]",int4_weight_only_fake_quant,cuda,float32,5,3,4196352,2.0009765625,16.0078125,8.00390625,4.001953125,2.0009765625,8.0,0.022519685328006744,0.1192641481757164,0.8252395391464233,0.9889262914657593,0.15009817481040955,0.7523129999867706,0.0011830869651173709
pi0_aligned_random_quant,vlm_attention_q_proj_seq768,"[1,768,2048]->[1,768,2048]",w4a8_fake_quant,cuda,float32,5,3,4196352,2.0009765625,16.0078125,8.00390625,4.001953125,2.0009765625,8.0,0.022642364725470543,0.11959339678287506,0.8431702852249146,0.9888665080070496,0.15050645172595978,0.8295085999975527,0.002142837249907436
pi0_aligned_random_quant,vlm_attention_k_proj_seq768,"[1,768,2048]->[1,768,256]",fp32,cuda,float32,5,3,524544,2.0009765625,2.0009765625,1.00048828125,0.500244140625,0.2501220703125,1.0,0.0,0.0,0.0,1.0000001192092896,0.0,0.0965415999871766,0.0006893714776753396
pi0_aligned_random_quant,vlm_attention_k_proj_seq768,"[1,768,2048]->[1,768,256]",fp16,cuda,float32,5,3,524544,1.00048828125,2.0009765625,1.00048828125,0.500244140625,0.2501220703125,2.0,2.722570684454695e-07,0.00039469910552725196,0.00464630126953125,0.9999998807907104,0.0005200795130804181,0.04889580000053684,0.002322324139270586
pi0_aligned_random_quant,vlm_attention_k_proj_seq768,"[1,768,2048]->[1,768,256]",int8_fake_quant,cuda,float32,5,3,524544,0.500244140625,2.0009765625,1.00048828125,0.500244140625,0.2501220703125,4.0,0.0002448690065648407,0.01248973049223423,0.07811212539672852,0.9998783469200134,0.015597214922308922,0.18838960000948646,0.002421630560416497
pi0_aligned_random_quant,vlm_attention_k_proj_seq768,"[1,768,2048]->[1,768,256]",int4_weight_only_fake_quant,cuda,float32,5,3,524544,0.2501220703125,2.0009765625,1.00048828125,0.500244140625,0.2501220703125,8.0,0.022514652460813522,0.11931097507476807,0.7476105690002441,0.9889939427375793,0.14955906569957733,0.13909499999726904,0.0009566232218127748
pi0_aligned_random_quant,vlm_attention_k_proj_seq768,"[1,768,2048]->[1,768,256]",w4a8_fake_quant,cuda,float32,5,3,524544,0.2501220703125,2.0009765625,1.00048828125,0.500244140625,0.2501220703125,8.0,0.022640932351350784,0.11964418739080429,0.7455654144287109,0.988933265209198,0.149977907538414,0.18874339999683798,0.002982630094402105
pi0_aligned_random_quant,vlm_attention_v_proj_seq768,"[1,768,2048]->[1,768,256]",fp32,cuda,float32,5,3,524544,2.0009765625,2.0009765625,1.00048828125,0.500244140625,0.2501220703125,1.0,0.0,0.0,0.0,1.0000001192092896,0.0,0.09711080000442962,0.0004657267218099458
pi0_aligned_random_quant,vlm_attention_v_proj_seq768,"[1,768,2048]->[1,768,256]",fp16,cuda,float32,5,3,524544,1.00048828125,2.0009765625,1.00048828125,0.500244140625,0.2501220703125,2.0,2.717793279316538e-07,0.0003941223840229213,0.004323005676269531,1.0,0.000520940637215972,0.04804359999752705,0.0011757308346930786
pi0_aligned_random_quant,vlm_attention_v_proj_seq768,"[1,768,2048]->[1,768,256]",int8_fake_quant,cuda,float32,5,3,524544,0.500244140625,2.0009765625,1.00048828125,0.500244140625,0.2501220703125,4.0,0.0002455067588016391,0.012507865205407143,0.07263624668121338,0.9998775720596313,0.01565711759030819,0.18875720001005902,0.002237265593217478
pi0_aligned_random_quant,vlm_attention_v_proj_seq768,"[1,768,2048]->[1,768,256]",int4_weight_only_fake_quant,cuda,float32,5,3,524544,0.2501220703125,2.0009765625,1.00048828125,0.500244140625,0.2501220703125,8.0,0.022912200540304184,0.12039220333099365,0.7090917229652405,0.9887557625770569,0.15125629305839539,0.13789420000875907,0.000975391084020703
pi0_aligned_random_quant,vlm_attention_v_proj_seq768,"[1,768,2048]->[1,768,256]",w4a8_fake_quant,cuda,float32,5,3,524544,0.2501220703125,2.0009765625,1.00048828125,0.500244140625,0.2501220703125,8.0,0.02304302714765072,0.12070891261100769,0.7190814018249512,0.9886922836303711,0.15168751776218414,0.19638560000885263,0.006376466835884306
pi0_aligned_random_quant,vlm_attention_o_proj_seq768,"[1,768,2048]->[1,768,2048]",fp32,cuda,float32,5,3,4196352,16.0078125,16.0078125,8.00390625,4.001953125,2.0009765625,1.0,0.0,0.0,0.0,1.0,0.0,0.5372031999854698,0.0037889987864336834
pi0_aligned_random_quant,vlm_attention_o_proj_seq768,"[1,768,2048]->[1,768,2048]",fp16,cuda,float32,5,3,4196352,8.00390625,16.0078125,8.00390625,4.001953125,2.0009765625,2.0,1.2917249136989994e-07,0.00028288838802836835,0.002296924591064453,1.0,0.00035926123382523656,0.216966599987245,0.0013525683104816445
pi0_aligned_random_quant,vlm_attention_o_proj_seq768,"[1,768,2048]->[1,768,2048]",int8_fake_quant,cuda,float32,5,3,4196352,4.001953125,16.0078125,8.00390625,4.001953125,2.0009765625,4.0,0.00025492641725577414,0.012743748724460602,0.08026600629091263,0.9998727440834045,0.01595999486744404,0.8227598000189573,0.007925086523052545
pi0_aligned_random_quant,vlm_attention_o_proj_seq768,"[1,768,2048]->[1,768,2048]",int4_weight_only_fake_quant,cuda,float32,5,3,4196352,2.0009765625,16.0078125,8.00390625,4.001953125,2.0009765625,8.0,0.022379716858267784,0.11889941990375519,0.8190504312515259,0.9890011548995972,0.14953838288784027,0.7538776000160397,0.0022415719172349745
pi0_aligned_random_quant,vlm_attention_o_proj_seq768,"[1,768,2048]->[1,768,2048]",w4a8_fake_quant,cuda,float32,5,3,4196352,2.0009765625,16.0078125,8.00390625,4.001953125,2.0009765625,8.0,0.022510183975100517,0.11924906820058823,0.8146101236343384,0.9889377951622009,0.14997363090515137,0.8335750000014741,0.002219422011827688
pi0_aligned_random_quant,vlm_attention_q_proj_seq1024,"[1,1024,2048]->[1,1024,2048]",fp32,cuda,float32,5,3,4196352,16.0078125,16.0078125,8.00390625,4.001953125,2.0009765625,1.0,0.0,0.0,0.0,1.0,0.0,0.7271009999954003,0.0016652744067558773
pi0_aligned_random_quant,vlm_attention_q_proj_seq1024,"[1,1024,2048]->[1,1024,2048]",fp16,cuda,float32,5,3,4196352,8.00390625,16.0078125,8.00390625,4.001953125,2.0009765625,2.0,1.2905525181849953e-07,0.0002827186253853142,0.002536296844482422,1.0,0.0003594306472223252,0.27569420000190803,0.001400408988704958
pi0_aligned_random_quant,vlm_attention_q_proj_seq1024,"[1,1024,2048]->[1,1024,2048]",int8_fake_quant,cuda,float32,5,3,4196352,4.001953125,16.0078125,8.00390625,4.001953125,2.0009765625,4.0,0.00027700356440618634,0.013277756981551647,0.08783543109893799,0.9998613595962524,0.01665213517844677,1.0339702000123907,0.0034900354407216053
pi0_aligned_random_quant,vlm_attention_q_proj_seq1024,"[1,1024,2048]->[1,1024,2048]",int4_weight_only_fake_quant,cuda,float32,5,3,4196352,2.0009765625,16.0078125,8.00390625,4.001953125,2.0009765625,8.0,0.022512730211019516,0.11923162639141083,0.9584992527961731,0.9889228343963623,0.15012097358703613,0.9524209999995037,0.008803543574603797
pi0_aligned_random_quant,vlm_attention_q_proj_seq1024,"[1,1024,2048]->[1,1024,2048]",w4a8_fake_quant,cuda,float32,5,3,4196352,2.0009765625,16.0078125,8.00390625,4.001953125,2.0009765625,8.0,0.022663213312625885,0.11963626742362976,0.9401939511299133,0.9888497591018677,0.15062186121940613,1.044270999989294,0.004751040202157867
pi0_aligned_random_quant,vlm_attention_k_proj_seq1024,"[1,1024,2048]->[1,1024,256]",fp32,cuda,float32,5,3,524544,2.0009765625,2.0009765625,1.00048828125,0.500244140625,0.2501220703125,1.0,0.0,0.0,0.0,1.0,0.0,0.11484000000336891,0.0026642733254839163
pi0_aligned_random_quant,vlm_attention_k_proj_seq1024,"[1,1024,2048]->[1,1024,256]",fp16,cuda,float32,5,3,524544,1.00048828125,2.0009765625,1.00048828125,0.500244140625,0.2501220703125,2.0,1.2861431741839624e-07,0.00028211320750415325,0.0022897720336914062,0.9999998807907104,0.0003586903039831668,0.05297699999573524,0.0025621295731096147
pi0_aligned_random_quant,vlm_attention_k_proj_seq1024,"[1,1024,2048]->[1,1024,256]",int8_fake_quant,cuda,float32,5,3,524544,0.500244140625,2.0009765625,1.00048828125,0.500244140625,0.2501220703125,4.0,0.00025673594791442156,0.012789659202098846,0.07444000244140625,0.9998716711997986,0.01602574810385704,0.22246420001010847,0.004999290135835508
pi0_aligned_random_quant,vlm_attention_k_proj_seq1024,"[1,1024,2048]->[1,1024,256]",int4_weight_only_fake_quant,cuda,float32,5,3,524544,0.2501220703125,2.0009765625,1.00048828125,0.500244140625,0.2501220703125,8.0,0.022799817845225334,0.12001755833625793,0.7626579999923706,0.9887836575508118,0.15102215111255646,0.15386620001436313,0.0017062546581129356
pi0_aligned_random_quant,vlm_attention_k_proj_seq1024,"[1,1024,2048]->[1,1024,256]",w4a8_fake_quant,cuda,float32,5,3,524544,0.2501220703125,2.0009765625,1.00048828125,0.500244140625,0.2501220703125,8.0,0.022950146347284317,0.12041758000850677,0.7428632974624634,0.988711416721344,0.15151920914649963,0.21907600000758976,0.0026259222231232
pi0_aligned_random_quant,vlm_attention_v_proj_seq1024,"[1,1024,2048]->[1,1024,256]",fp32,cuda,float32,5,3,524544,2.0009765625,2.0009765625,1.00048828125,0.500244140625,0.2501220703125,1.0,0.0,0.0,0.0,0.9999998807907104,0.0,0.11339220000081696,0.0005728732397469979
pi0_aligned_random_quant,vlm_attention_v_proj_seq1024,"[1,1024,2048]->[1,1024,256]",fp16,cuda,float32,5,3,524544,1.00048828125,2.0009765625,1.00048828125,0.500244140625,0.2501220703125,2.0,1.2807745974896534e-07,0.00028190610464662313,0.0018508434295654297,0.9999999403953552,0.00035880052018910646,0.05282959999703962,0.0030305194604336974
pi0_aligned_random_quant,vlm_attention_v_proj_seq1024,"[1,1024,2048]->[1,1024,256]",int8_fake_quant,cuda,float32,5,3,524544,0.500244140625,2.0009765625,1.00048828125,0.500244140625,0.2501220703125,4.0,0.0002485813165549189,0.012584872543811798,0.0762091875076294,0.9998751282691956,0.015807054936885834,0.21935559998382814,0.0022699245340555936
pi0_aligned_random_quant,vlm_attention_v_proj_seq1024,"[1,1024,2048]->[1,1024,256]",int4_weight_only_fake_quant,cuda,float32,5,3,524544,0.2501220703125,2.0009765625,1.00048828125,0.500244140625,0.2501220703125,8.0,0.022264614701271057,0.11866322159767151,0.7036838531494141,0.988986611366272,0.14959748089313507,0.1559836000183168,0.0033818602290876724
pi0_aligned_random_quant,vlm_attention_v_proj_seq1024,"[1,1024,2048]->[1,1024,256]",w4a8_fake_quant,cuda,float32,5,3,524544,0.2501220703125,2.0009765625,1.00048828125,0.500244140625,0.2501220703125,8.0,0.022392652928829193,0.11899016052484512,0.7173591256141663,0.9889244437217712,0.15002702176570892,0.21807839999610223,0.0009518826807407099
pi0_aligned_random_quant,vlm_attention_o_proj_seq1024,"[1,1024,2048]->[1,1024,2048]",fp32,cuda,float32,5,3,4196352,16.0078125,16.0078125,8.00390625,4.001953125,2.0009765625,1.0,0.0,0.0,0.0,1.0,0.0,0.7273120000036215,0.0016000111343074486
pi0_aligned_random_quant,vlm_attention_o_proj_seq1024,"[1,1024,2048]->[1,1024,2048]",fp16,cuda,float32,5,3,4196352,8.00390625,16.0078125,8.00390625,4.001953125,2.0009765625,2.0,1.2907023005936935e-07,0.0002827937132678926,0.0023603439331054688,1.0,0.0003592488938011229,0.27883180000571883,0.006975477802540337
pi0_aligned_random_quant,vlm_attention_o_proj_seq1024,"[1,1024,2048]->[1,1024,2048]",int8_fake_quant,cuda,float32,5,3,4196352,4.001953125,16.0078125,8.00390625,4.001953125,2.0009765625,4.0,0.0003001140139531344,0.013824177905917168,0.08921259641647339,0.9998499751091003,0.017323097214102745,1.0333746000128485,0.004476290768137707
pi0_aligned_random_quant,vlm_attention_o_proj_seq1024,"[1,1024,2048]->[1,1024,2048]",int4_weight_only_fake_quant,cuda,float32,5,3,4196352,2.0009765625,16.0078125,8.00390625,4.001953125,2.0009765625,8.0,0.022513145580887794,0.11925925314426422,0.8715918064117432,0.9889286756515503,0.1500377357006073,0.9505223999894952,0.003147075043238816
pi0_aligned_random_quant,vlm_attention_o_proj_seq1024,"[1,1024,2048]->[1,1024,2048]",w4a8_fake_quant,cuda,float32,5,3,4196352,2.0009765625,16.0078125,8.00390625,4.001953125,2.0009765625,8.0,0.02266113832592964,0.11965532600879669,0.8605458736419678,0.988856852054596,0.15053007006645203,1.0521640000092702,0.015184281603346778
pi0_aligned_random_quant,vlm_gated_ffn_seq128,"[1,128,2048]->[1,128,2048]",fp32,cuda,float32,10,3,100698112,384.1328125,384.1328125,192.06640625,96.033203125,48.0166015625,1.0,0.0,0.0,0.0,1.0,0.0,2.395524399992155,0.004544770933990455
pi0_aligned_random_quant,vlm_gated_ffn_seq128,"[1,128,2048]->[1,128,2048]",fp16,cuda,float32,10,3,100698112,192.06640625,384.1328125,192.06640625,96.033203125,48.0166015625,2.0,2.3245820557349361e-07,0.0003797477693296969,0.003493070602416992,0.9999997615814209,0.000734887202270329,2.1846837999987656,0.009866230272378198
pi0_aligned_random_quant,vlm_gated_ffn_seq128,"[1,128,2048]->[1,128,2048]",int8_fake_quant,cuda,float32,8,3,100698112,96.033203125,384.1328125,192.06640625,96.033203125,48.0166015625,4.0,0.0011258188169449568,0.026766270399093628,0.16953402757644653,0.998694658279419,0.05114256590604782,13.942594250011098,0.06253979252552572
pi0_aligned_random_quant,vlm_gated_ffn_seq128,"[1,128,2048]->[1,128,2048]",int4_weight_only_fake_quant,cuda,float32,8,3,100698112,48.0166015625,384.1328125,192.06640625,96.033203125,48.0166015625,8.0,0.033574484288692474,0.14611706137657166,0.8849390745162964,0.9631499648094177,0.2792884111404419,13.677720500005819,0.015584702979889807
pi0_aligned_random_quant,vlm_gated_ffn_seq128,"[1,128,2048]->[1,128,2048]",w4a8_fake_quant,cuda,float32,8,3,100698112,48.0166015625,384.1328125,192.06640625,96.033203125,48.0166015625,8.0,0.03451690077781677,0.148179829120636,0.9040220379829407,0.9621800184249878,0.28318101167678833,13.797824000000958,0.018980665474613807
pi0_aligned_random_quant,vlm_gated_ffn_seq256,"[1,256,2048]->[1,256,2048]",fp32,cuda,float32,10,3,100698112,384.1328125,384.1328125,192.06640625,96.033203125,48.0166015625,1.0,0.0,0.0,0.0,0.9999999403953552,0.0,5.810814000000164,0.006764202160274073
pi0_aligned_random_quant,vlm_gated_ffn_seq256,"[1,256,2048]->[1,256,2048]",fp16,cuda,float32,10,3,100698112,192.06640625,384.1328125,192.06640625,96.033203125,48.0166015625,2.0,2.2877510730268114e-07,0.0003766873851418495,0.0028798580169677734,0.9999997615814209,0.0007336525595746934,2.847256400002607,0.01954287713056291
pi0_aligned_random_quant,vlm_gated_ffn_seq256,"[1,256,2048]->[1,256,2048]",int8_fake_quant,cuda,float32,8,3,100698112,96.033203125,384.1328125,192.06640625,96.033203125,48.0166015625,4.0,0.001192011870443821,0.027545759454369545,0.1562492996454239,0.9986010789871216,0.05295736342668533,18.110165000003065,0.38535256030793125
pi0_aligned_random_quant,vlm_gated_ffn_seq256,"[1,256,2048]->[1,256,2048]",int4_weight_only_fake_quant,cuda,float32,8,3,100698112,48.0166015625,384.1328125,192.06640625,96.033203125,48.0166015625,8.0,0.0331415981054306,0.1451367288827896,0.8978765606880188,0.9632211327552795,0.27923688292503357,17.130975625008205,0.012504342541517421
pi0_aligned_random_quant,vlm_gated_ffn_seq256,"[1,256,2048]->[1,256,2048]",w4a8_fake_quant,cuda,float32,8,3,100698112,48.0166015625,384.1328125,192.06640625,96.033203125,48.0166015625,8.0,0.03438200801610947,0.1478487253189087,0.9011105298995972,0.9619276523590088,0.2844144403934479,17.457882124993773,0.11147225201730572
pi0_aligned_random_quant,vlm_gated_ffn_seq512,"[1,512,2048]->[1,512,2048]",fp32,cuda,float32,5,3,100698112,384.1328125,384.1328125,192.06640625,96.033203125,48.0166015625,1.0,0.0,0.0,0.0,1.0000001192092896,0.0,11.62518399999044,0.0074931758886150526
pi0_aligned_random_quant,vlm_gated_ffn_seq512,"[1,512,2048]->[1,512,2048]",fp16,cuda,float32,5,3,100698112,192.06640625,384.1328125,192.06640625,96.033203125,48.0166015625,2.0,2.2942901978240116e-07,0.0003772026102524251,0.0031948089599609375,0.9999997615814209,0.0007344874320551753,4.387105999978758,0.011651236105182662
pi0_aligned_random_quant,vlm_gated_ffn_seq512,"[1,512,2048]->[1,512,2048]",int8_fake_quant,cuda,float32,5,3,100698112,96.033203125,384.1328125,192.06640625,96.033203125,48.0166015625,4.0,0.001362100476399064,0.029455870389938354,0.18534421920776367,0.9984021782875061,0.056593265384435654,23.9953836000268,0.019884585738758183
pi0_aligned_random_quant,vlm_gated_ffn_seq512,"[1,512,2048]->[1,512,2048]",int4_weight_only_fake_quant,cuda,float32,5,3,100698112,48.0166015625,384.1328125,192.06640625,96.033203125,48.0166015625,8.0,0.03306226432323456,0.14497017860412598,0.9342174530029297,0.9632872939109802,0.2788216471672058,23.715037399983885,0.5468536573738534
pi0_aligned_random_quant,vlm_gated_ffn_seq512,"[1,512,2048]->[1,512,2048]",w4a8_fake_quant,cuda,float32,5,3,100698112,48.0166015625,384.1328125,192.06640625,96.033203125,48.0166015625,8.0,0.03417510911822319,0.1473778337240219,0.9709839224815369,0.9621171355247498,0.28347525000572205,24.03707599999052,0.06553784164224345
pi0_aligned_random_quant,action_expert_gated_ffn,"[1,50,1024]->[1,50,1024]",fp32,cuda,float32,10,3,12592128,48.03515625,48.03515625,24.017578125,12.0087890625,6.00439453125,1.0,0.0,0.0,0.0,0.9999998807907104,0.0,0.2257844999974168,0.009314322363991932
pi0_aligned_random_quant,action_expert_gated_ffn,"[1,50,1024]->[1,50,1024]",fp16,cuda,float32,10,3,12592128,24.017578125,48.03515625,24.017578125,12.0087890625,6.00439453125,2.0,3.129321726191847e-07,0.00043804271263070405,0.0034942626953125,0.9999995827674866,0.0008635215926915407,0.22796489998881952,0.007298065340217304
pi0_aligned_random_quant,action_expert_gated_ffn,"[1,50,1024]->[1,50,1024]",int8_fake_quant,cuda,float32,8,3,12592128,12.0087890625,48.03515625,24.017578125,12.0087890625,6.00439453125,4.0,0.0008152441587299109,0.022764602676033974,0.1266319751739502,0.9990298748016357,0.04407496377825737,0.950177749992065,0.009935691022097046
pi0_aligned_random_quant,action_expert_gated_ffn,"[1,50,1024]->[1,50,1024]",int4_weight_only_fake_quant,cuda,float32,8,3,12592128,6.00439453125,48.03515625,24.017578125,12.0087890625,6.00439453125,8.0,0.028548501431941986,0.1343504935503006,0.8535954356193542,0.9678702354431152,0.26081931591033936,0.8777696250206191,0.007352795508135074
pi0_aligned_random_quant,action_expert_gated_ffn,"[1,50,1024]->[1,50,1024]",w4a8_fake_quant,cuda,float32,8,3,12592128,6.00439453125,48.03515625,24.017578125,12.0087890625,6.00439453125,8.0,0.029208367690443993,0.13586537539958954,0.8420310020446777,0.9671521186828613,0.26381638646125793,0.9655195000064509,0.011728690569785313
pi0_aligned_random_quant,state_proj,"[1,1,32]->[1,1,1024]",fp32,cuda,float32,10,3,33792,0.12890625,0.12890625,0.064453125,0.0322265625,0.01611328125,1.0,0.0,0.0,0.0,1.0,0.0,0.01779149999379115,0.004740928744551827
pi0_aligned_random_quant,state_proj,"[1,1,32]->[1,1,1024]",fp16,cuda,float32,10,3,33792,0.064453125,0.12890625,0.064453125,0.0322265625,0.01611328125,2.0,8.204676049672344e-08,0.00022149694268591702,0.0012917518615722656,0.9999999403953552,0.00033102952875196934,0.03163819999372208,0.002614684911946788
pi0_aligned_random_quant,state_proj,"[1,1,32]->[1,1,1024]",int8_fake_quant,cuda,float32,8,3,33792,0.0322265625,0.12890625,0.064453125,0.0322265625,0.01611328125,4.0,9.739115193951875e-05,0.007834579795598984,0.03023514151573181,0.9999353289604187,0.01140501257032156,0.09353250000287971,0.002660755815066965
pi0_aligned_random_quant,state_proj,"[1,1,32]->[1,1,1024]",int4_weight_only_fake_quant,cuda,float32,8,3,33792,0.01611328125,0.12890625,0.064453125,0.0322265625,0.01611328125,8.0,0.007096507586538792,0.0667102038860321,0.33455389738082886,0.9952605366706848,0.09735502302646637,0.08073387500218132,0.008935197383640424
pi0_aligned_random_quant,state_proj,"[1,1,32]->[1,1,1024]",w4a8_fake_quant,cuda,float32,8,3,33792,0.01611328125,0.12890625,0.064453125,0.0322265625,0.01611328125,8.0,0.007118029985576868,0.06676003336906433,0.33847302198410034,0.9952425956726074,0.09750253707170486,0.10292287500845987,0.01495156143098121
pi0_aligned_random_quant,action_in_proj,"[1,50,32]->[1,50,1024]",fp32,cuda,float32,10,3,33792,0.12890625,0.12890625,0.064453125,0.0322265625,0.01611328125,1.0,0.0,0.0,0.0,1.0000001192092896,0.0,0.01401950001422847,0.0018967956310623733
pi0_aligned_random_quant,action_in_proj,"[1,50,32]->[1,50,1024]",fp16,cuda,float32,10,3,33792,0.064453125,0.12890625,0.064453125,0.0322265625,0.01611328125,2.0,1.2679801386639156e-07,0.0002740004856605083,0.0028924942016601562,1.0,0.00035732900141738355,0.03007820000675565,0.0037457381862162163
pi0_aligned_random_quant,action_in_proj,"[1,50,32]->[1,50,1024]",int8_fake_quant,cuda,float32,8,3,33792,0.0322265625,0.12890625,0.064453125,0.0322265625,0.01611328125,4.0,0.00014666862261947244,0.009645432233810425,0.05183005332946777,0.9999262094497681,0.012152919545769691,0.08668550000123787,0.003491296002891663
pi0_aligned_random_quant,action_in_proj,"[1,50,32]->[1,50,1024]",int4_weight_only_fake_quant,cuda,float32,8,3,33792,0.01611328125,0.12890625,0.064453125,0.0322265625,0.01611328125,8.0,0.009059720672667027,0.07447217404842377,0.46087074279785156,0.9954730272293091,0.09551452845335007,0.05433499999440983,0.001395104844727421
pi0_aligned_random_quant,action_in_proj,"[1,50,32]->[1,50,1024]",w4a8_fake_quant,cuda,float32,8,3,33792,0.01611328125,0.12890625,0.064453125,0.0322265625,0.01611328125,8.0,0.009134594351053238,0.07473814487457275,0.458096981048584,0.99543696641922,0.09590840339660645,0.0855991249935073,0.0011104784267402328
pi0_aligned_random_quant,action_out_proj,"[1,50,1024]->[1,50,32]",fp32,cuda,float32,10,3,32800,0.1251220703125,0.1251220703125,0.06256103515625,0.031280517578125,0.0156402587890625,1.0,0.0,0.0,0.0,1.0,0.0,0.017046900006789656,0.0015294037109082404
pi0_aligned_random_quant,action_out_proj,"[1,50,1024]->[1,50,32]",fp16,cuda,float32,10,3,32800,0.06256103515625,0.1251220703125,0.06256103515625,0.031280517578125,0.0156402587890625,2.0,1.296807852213533e-07,0.0002832645259331912,0.001220703125,0.9999999403953552,0.0003588060790207237,0.030063999992080426,0.003536400826114648
pi0_aligned_random_quant,action_out_proj,"[1,50,1024]->[1,50,32]",int8_fake_quant,cuda,float32,8,3,32800,0.031280517578125,0.1251220703125,0.06256103515625,0.031280517578125,0.0156402587890625,4.0,0.00016554578905925155,0.010259454138576984,0.05036664009094238,0.9999178647994995,0.012819794937968254,0.08566862500458683,0.0031880781490617846
pi0_aligned_random_quant,action_out_proj,"[1,50,1024]->[1,50,32]",int4_weight_only_fake_quant,cuda,float32,8,3,32800,0.0156402587890625,0.1251220703125,0.06256103515625,0.031280517578125,0.0156402587890625,8.0,0.018268035724759102,0.10633210837841034,0.46718114614486694,0.9910722970962524,0.13466909527778625,0.058903999999415646,0.003683243903707031
pi0_aligned_random_quant,action_out_proj,"[1,50,1024]->[1,50,32]",w4a8_fake_quant,cuda,float32,8,3,32800,0.0156402587890625,0.1251220703125,0.06256103515625,0.031280517578125,0.0156402587890625,8.0,0.018443359062075615,0.10675878077745438,0.45452553033828735,0.9909898042678833,0.13531377911567688,0.08970787497730726,0.0035422145033480916
